Gamefile name:,AwShirt,,,
Soundfile no:,(Comments),Text to record,(Original),Done? (mark with x)
128190,,"Mi kredas ke kelkaj de vi iom ŝvitis ĉi foje. Ni vidu, ĉu portis fruktojn!",I believe some of you broke a sweat that time. Let’s see if it pays off…,
128193,,Venkanto!,Winner!,
128194,,La finala raŭndo nun komencas kaj nur la plej meritaj ĉemizoj de la antaŭaj raŭndoj konkuros. Preparu doni viajn voĉojn POR LA LASTA TEMPO.,The final gauntlet is upon us and only the most worthy shirts from the previous rounds will compete. Prepare to cast your votes FOR THE LAST TIME.,
128195,,Kaj ne cedu al fiero. Uzu sugeston se vi bezonas ĝin.,And Don’t give into pride. Use a suggestion if you need it.,
128196,,"Bonvenon al Tee K.O. Mi estas la turnira majstro…Tiu ne estas mia vera nomo, sed mia koramik(in)o diris ke turnira majstro sonas pli mistera.","Welcome to Tee K.O. I am the Tournament Master…that’s not my real name, but my girlfriend said Tournament Master was more mysterious",
128197,,Ni havas ĉampionon! ,We have a champion! ,
128198,,Komencu!,Begin!,
128199,,Raŭndo unu!,Gauntlet one!,
128200,,Mia sangosoifo estis satigita. Kaj mi finfine havas taŭgan vestaĵon por la edziĝfesto de mia kuzo.,My bloodlust is sated. And I finally have something to wear to my cousin’s wedding.,
128201,,"Por via lasta tasko, vi skribos laŭeble multe da sloganoj aŭ frazoj.","For your last exercise, you will write as many slogans or phrases as you can.",
128202,,Nova defianto aperas…,A new challenger appears…,
128203,,Vi ŝajnas promesplenaj. Plejparto de vi.,You show promise. Most of you.,
128205,,Eku la turniro!,Let the Tournament begin!,
128207,,..kontraŭ…,..versus…,
128208,,La dua turniro atendas kaj la ŝlimaj tentakloj de Fato miksis viajn desegnaĵojn kaj sloganojn.,The second gauntlet awaits and the slimy tentacles of destiny have shuffled your drawings and slogans.,
128209,,Tempo por trejnada sesio.,Time for a training break.,
128210,,Raŭndo du!,Gauntlet two!,
128210,,"Dum niaj konkurantoj trejnas, ĉiuj kiuj spektas la turniron povas aliĝi al la spektantaro por sendi proprajn sugestojn kaj influi la rezulton de la ludo!","While our contestants train, anyone watching the Tournament can join the audience to submit your own suggestions and affect the outcome of the game!",
128214,,Bonege.,Well done.,
128215,,Tempo forfluas. Hastu iom kaj pretiĝu!,Time grows short. Hurry up and finish already!,
128216,,Via trejnado finiĝis. Nun direktu la okulojn al viaj aparatoj.,Your training is complete. Now point your eyes at your device.,
128218,,"La sortoj benis vin per serio da bildoj kaj sloganoj. Selektu po unu por krei vian ĉampionan ĉemizon. Mi ne volas premi vin, sed MULTE dependas de tiu.","The fates have blessed you with a series of pictures and slogans. Select one of each to create your t-shirt champion. I don’t want to pressure you, but A LOT is riding on this.",
128221,,"Mi prenis vin ĉiujn ĉi tien al Ĉemizo-Insulo, ĉar vi estas la plej superaj ĉemizĉampionoj de tiu-ĉi Sfero. Kaj ĉar mi provas trovi pli da amikoj ekster la laborloko.","I have brought you all here to T-Shirt Island, because you are the greatest novelty t-shirt champions in this realm. And because I’m trying to make more friends outside of work",
128222,,Mi esperas ke vi elektas saĝe.,I hope you chose wisely.,
130881,,Batalu!,Fight!,
135664,,Plia turniro proksimiĝas al la fino. *suspirante* Ĉu mi maljuniĝas?,Another tournament comes to a close. *sigh* Am I getting old?,
135665,,"Vi ĉiuj batalis bone, sed nun la UNU vera venkanto evidentiĝis.","You have all fought well, but the one true winner has emerged.",
135666,,Bonvenon al Tee K.O.. Mi estas la turnira majstro kaj mia vorto estas leĝo. Sed fakte mi tre alireblas.,Welcome to Tee K.O. I am the Tournament Master and my word is law. But I’m actually very approachable.,
135667,,Bonvenon al Tee K.O.. Mi estas la turnira majstro kaj mi havas la laŭleĝan aŭtoritaton edzigi ajnan paron por la daŭro de la ludo. Sed tiu malofte okazas.,Welcome to Tee K.O. I am the Tournament Master and I have the legal authority to marry any couple for the duration of the game. But that probably won’t come up.,
135668,,"Bonvenon al Tee K.O.. Mi estas la turnira majstro, sed miaj amikoj nomas min “To-Mo”. Haha, ĉu vi komprenis? To-Mo, kiel ""Turnira Majstro"".","Welcome to Tee K.O. I am the Tournament Master, or as my friends know me, “TournMo”.",
135669,,"Bonvenon al Tee K.O.. Mi estas la turnira majstro. Mi aĝas pli ol 5,000 jarojn, kaj mi estas refaranta Esperantan kurson ĉe Duolingo jam la 200-an fojon.","Welcome to Tee K.O. I am the Tournament Master. I’m over 5,000 years old, and I’m on my 200th re-watch of The Wire.",
135670,,"Bonvenon al Tee K.O.. Mi estas la turnira majstro kaj mi NE estas diablo. Ĉu komprenite, ĉiuj? Ĉesu demandi tion.","Welcome to Tee K.O. I am the Tournament Master and I am NOT the devil, okay everyone? Quit asking.",
135673,,"Nuuuu, jes, mi kredas ke tiuj funkcios.","Hmm yes, I think we can work with these.",
135674,,"Boooone, boooone. Vere bone!",Gooooood goood. Pretty good.,
135676,celas esti vortludo inter ĉemizo kaj katastrofo. Alternativaj proponoj bonvenatas,Ĉemizstrofo!,SHIRTALITY!,
135679,,"Dankon por renkonti min ĉi tie sur Ĉemizio. Tiuj de vi, kiuj travivas, ricevos senpagan flugon hejmen.",Thank you all for joining me here on T-Shirt Island. Those of you who live will receive a free flight home.,
135680,,Ataku!,Attack!,
135681,,Konkuru!,Battle!,
135682,,Engaĝu unu la alian en perforton!,Engage one another in violence!,
135683,,Engaĝu en batalon!,Engage in an altercation!,
135726,,Ek!,Go!,
135727,,"Batalu! ...Kaj per “batali”, mi intencas endoni viajn voĉojn per viaj aparatoj...",Fight! ...And by fight I mean enter your votes on your devices...,
136098,,Venkanto!,Winner,
136099,,Venkanto!,Winner!,
136100,,"Jen, ni havas belan venkanton!",Well if it isn\'t a winner!,
136101,,Haha! Jen Venkanto!,Haha! A Winner!,
136102,,Venkanto!,winner,
136105,,Haha! Venkanto!,haha! Winner!,
136108,,Raŭndo du!,Gauntlet two!,
136109,,Raŭndo du!,Gauntlet two!,
136110,,Raŭndo du!,gauntlet two!,
136113,,Raŭndo unu!,gauntlet one,
136114,,Raŭndo unu!,gautlet one,
136115,,"Ho, nova defianto aperas","oh, a new challenger appears",
136116,,"Ho, nova defianto aperas","oh, a new challenger appears",
136117,,"Ho, nova defianto aperas","oh, a new challenger appears",
136118,,"Ho, nova defianto aperas","oh, a new challenger appears",
136119,,"Ho, nova defianto aperas","oh, a new challenger appears",
136120,,Batalu!,fight!,
136121,,Batalu!,fight!,
136122,,Batalu!,fight!,
136123,,Vi eku kaj batalu!,Go ahead and Fight!,
136124,,Batalu unu la alian!,Fight each other!,
136125,,"Batalu por mi karaj, batalu!","Fight for me babies, Fight!",
136126,,Mi deziras ke vi batalu!,I want you to Fight!,
136127,,Konkuru!,fight!,
136128,,Konkuru!,fight!,
136129,,Ataku!,attack!,
136130,,Ataku!,attack!,
136131,,Ataku!,attack!,
136132,,Konkuru!,battle!,
136133,,Konkuru!,battle!,
136134,,kontraŭ,versus,
136135,,kontraŭ,versus,
136136,,kontraŭ,versus,
136137,,Ni havas ĉampionon!,we have a champion!,
136138,,Komencu!,begin,
136139,,Komencu!,begin,
136140,,Komencu!,begin,
136141,,Komencu!,begin,
136142,,Komencu!,begin,
136143,,Komencu!,begin,
136144,,Komencu!,begin,
136145,,Komencu!,begin,
136146,,La turniro komencu!,Let the tournament begin!,
136147,,La turniro komencu!,Let the tournament begin!,
136148,,La turniro komencu!,Let the tournament begin!,
136149,,La turniro komencu!,Let the tournament begin!,
138323,,Ek!,go!,
138324,,Ek!,go!,
138325,,Ek!,go!,
138326,,Ek!,go!,
138327,,Ek!,go!,
138328,,Ek!,go!,
138329,,Ek!,go!,
138330,,Ek!,go!,x
138331,,Ek!,go!,
138353,,Ek!,go!,
138354,,Ek!,go!,
138355,,Ek!,go!,
138884,,Elstare!,Excellent,
138888,,"Uzu viajn aparatojn por krei viajn ĉemizojn. Ju pli kiĉa, des pli bona, miaopinie.","Use your device to create your t-shirt. The tackier the better, I say.",
138891,,Nun la sloganoj. Provu ne esti tiom enuaj.,Next the slogans. Try not to be too boring.,
138892,,"Desegnu ion belan por mi, ĉu bone?","Draw me something pretty, won\'t you?",
138929,,Tempas desegni!,Time to draw!,
138930,,Ek al artumado.,Let\'s make some art.,
138931,,Ĉu vi pretas por desegni?,Ready to draw?,
138932,,Desegnotempo okazas nun.,Drawing time is upon us.,
138933,,Desegnaĵo numero unu...,Drawing number one...,
138934,,"Pretigu la desegnofingrojn, kaj...","Drawing fingers ready, and...",
138935,,"Ni desegnu, ĉu okej?","Let\'s draw, shall we?",
138936,,"Ĉifoje, desegnu ion bonan.",Draw something good this time.,
138937,,Surprizu min per desegnaĵoj.,Hit me with some drawings.,
141454,,ĈEMIZSTROFO!,SHIRTALITY!,
141455,,ĈEMIZSTROFO!,SHIRTALITY!,
141703,,Bonvenon al Tee K.O.. Mi estas la turnira majstro kaj laŭ tiu ĉi antikva gemo sur mia pojno mi faris 1400 paŝojn hodiaŭ!,"Welcome to Tee K.O. I am the Tournament Master and according to the ancient gem on my wrist, I\'ve walked 1400 steps today!",
141704,,"Bonvenon al Tee K.O.. Mi estas la turnira majstro. Nu, fakte mi estas lia identa ĝemelo, sed li estas ĉe dentisto nun do mi helpas.","Welcome to Tee K.O. I am the Tournament Master. Well, actually I\'m his identical twin brother, but he\'s at the dentist so I\'m filling in.",
141705,,"Bonvenon al Tee K.O.. Mi estas la turnira majstro kaj mi havas strangan ekzantemon sur eta piedfingro. Tiu tute ne gravas al la ludo, ĝi nur estas io, kiu lastafoje estas sur mia menso.","Welcome to Tee K.O. I am the Tournament Master and I\'ve go a weird rash on my pinky toe. That\'s not important to the game, just something I\'m thinking about.",
141706,,"Bonvenon al Tee K.O.. Mi estas la turnira majstro. Miaj ŝatoj inkluzivas ĉemizojn kaj batalojn. Miaj malŝatoj inkluzivas marfruktojn, negativecon, and kaj psikologian manipuladon. Vivo tro mallongas.","Welcome to Tee K.O. I am the Tournament Master. My likes include t-shirts and fighting. My dislikes include seafood, negativity, and mind games. Life is too short.",
141707,,"Bonvenon al Tee K.O.. Mi estas la turnira majstro, kaj laŭ la sabloj en mia mistika sablohoroloĝo, vi tro malfruas por partopreni en la turniro. Aĥ, momenton…. ŝajne la ĥoroloĝo tro rapidas. Vi entempas.","Welcome to Tee K.O. I am the Tournament Master, and according to the sands in my mystical hourglass, you\'re too late to enter the tournament. Oh wait, this is running fast. You\'re good.",
141708,,"Bonvenon al Tee K.O.. Mi estas la turnira majstro. Sed tiu ne estas ĈIO kio mi estas, ĉu vi komprenas? Mi ankaŭ ludas la hobojon.","Welcome to Tee K.O. I am the Tournament Master. But that\'s not ALL I am, you know? I also play the oboe.",
141709,,Bonvenon al Tee K.O.. Mi estas la turnira majstro. Bonvolu aplaŭdi nur post la turniro.,Welcome to Tee K.O. I am the Tournament Master. Please hold your applause until after the tournament.,
141710,,"Bonvenon al Tee K.O.. Mi estas la turnira majstro, same kiel estis mia patriĉo, kaj lia patriĉo antaŭ li. Tiu antaŭ li estis sekretario.","Welcome to Tee K.O. I am the Tournament Master, just as my father was, and his father before him. The one before that was a paralegal.",
141711,,Bonvenon al Tee K.O.. Mi estas la turnira majstro kaj mi BELAS hodiaŭ.,Welcome to Tee K.O. I am the Tournament Master and I look GOOD today.,
141712,,"Bonvenon al Tee K.O.. Mi estas la turnira majstro, inventinto de la danĝera KvinFalda Eksploda Ĉemizo-Tekniko. Atendatas patento.","Welcome to Tee K.O. I am the Tournament Master, inventor of the deadly Five Fold Exploding T-Shirt Technique. Patent pending.",
141713,,"Bonvenon al Tee K.O.. Mi estas la turnira majstro. Sed eble vi konas min sub la uzantnomo ĉemizamanto1504. Viŝu dekstren, karuloj.","Welcome to Tee K.O. I am the Tournament Master. But you may know me as ShirtLover1504. Swipe right, ladies.",
141714,,Bonvenon al Tee K.O.. Mi estas la turnira majstro kaj mia akĉento ne estas pretendaĵo! ,Welcome to Tee K.O. I am the Tournament Master and this accent is NOT an affectation!,
141715,,Bonvenon al Tee K.O.. Mi estas la turnira majstro kaj mi nuntempe akceptas kandidatiĝojn por morale aĉetebla sbiro. Prefere vi havu tri jarojn da sperto.,Welcome to Tee K.O. I am the Tournament Master and I\'m currently accepting applications for a morally corruptible henchman. Three years experience preferred.,
141716,,"Bonvenon al Tee K.O.. Mi estas la turnira majstro kaj mi feliĉas pri la vivo, kiun mi elektis. Ĉu vi aŭdis, panjo??",Welcome to Tee K.O. I am the Tournament Master and I\'m happy with the life I have chosen. Okay mom??,
141717,,Bonvenon al Tee K.O.. Mi estas la turnira majstro. Do se vi vidas kafotason kun la vortoj “Monde Plej Bona Turnira Majstro” vi ne uzu ĝin. Tiu klare estas mia taso!,"Welcome to Tee K.O. I am the Tournament Master. So if you see a coffee mug that says \""World\'s Greatest Tournament Master\"" do not use it. That is clearly my mug!",
141718,,Bonvenon al Tee K.O.. Mi estas la turnira majstro kaj mi hodiaŭ decidis ekstudi Idon. Ĝia lingva melodieco estas tiom pli agrabla!.,"Welcome to Tee K.O. I am the Tournament Master. If you\'re wondering what I look like, think young Patrick Dempsey.",
141719,,"Bonvenon al Tee K.O.. Mi estas la turnira majstro kaj kredu aŭ ne, mi esperantistiĝis jam en 1886!","Welcome to Tee K.O. I am the Tournament Master and I just perfected the Stare of Death! So that should--Whoops! Looked in the mirror! Oh boy. Well, let\'s move this thing along before I die.",
141720,,"Bonvenon al Tee K.O.. Mi estas la turnira majstro, kaj nur ke mi maljunas ne signifas ke mi malmodernas. Tiuj TEJO-kondomoj? Mojosege.","Welcome to Tee K.O. I am the Tournament Master, and just because I\'m old doesn\'t mean I\'m out of touch! Those Budweiser frogs? Hilarious.",
141721,,Bonvenon al Tee K.O.. Mi estas la turnira majstro. Aŭ eble mi estas unu de liaj multaj kvazaŭhomaj robotaj duoblaĵoj? Eĉ mi ne certas!,Welcome to Tee K.O. I am the Tournament Master. Or perhaps I\'m one of his many lifelike robot duplicates? Even I\'m not sure!,
141722,,"Bonvenon al Tee K.O.. Mi estas la turnira majstro, kaj jen mia nevidebla helpspirito, Dimitrij. Diru saluton, Dimitrij...Dimitrij? *suspirante* Mi denove perdis lin.","Welcome to Tee K.O. I am the Tournament Master, and this is my invisible familiar, Dimitri. Say hello, Dimitri...Dimitri? *sigh* Lost him again.",
141723,,"Bonvenon al Tee K.O.. Mi estas la turnira majstro. La ĵaluzeco, kiun vi sentas, estas tute normala.",Welcome to Tee K.O. I am the Tournament Master. The jealousy you\'re experiencing is perfectly normal.,
141724,,"Bonvenon al Tee K.O.. Mi estas la turnira majstro. Nur por ke vi scias, la eliksiro kiu donas al mi eternan vivon jam komencas afekcii la parolfunkcian regionon de mia cerbo. Do se mi uzas la malĝustajn balenojn, jen kial.","Welcome to Tee K.O. I am the Tournament Master. Just an FYI, the elixir that gives me eternal life is beginning to affect the speech center of my brain. So if I use the wrong porcupines, that\'s why.",
141725,,"Bonvenon al Tee K.O.. Mi estas la turnira majstro, kaj mia menso estas mortiga armilo. Vi volas testi ĝin? Provu ataki min! Mi--AH! AH! Mi ne estis preta! Kio la fuk.","Welcome to Tee K.O. I am the Tournament Master, and my mind is a lethal weapon. Go ahead, try and attack my mind! I--OW! AH! I wasn\'t ready! Geez.",
141726,,"Bonvenon al Tee K.O.. Mi estas la turnira majstro. Fakte mi devus nun havi mian tagmanĝan paŭzon, sed mi povas do vori kelkajn rubaĵojn inter la raŭndoj.","Welcome to Tee K.O. I am the Tournament Master. This was supposed to be my lunch break, but I guess I\'ll I\'ll just wolf down a hot pocket between rounds.",
141727,,"Bonvenon al Tee K.O.. Mi estas la turnira majstro. Nekredeble, se vi dirintus al mi antaŭ mil jaroj ke mi ANKORAŬ estrus tiujn turnirojn hodiaŭ? Nu, sed la laborhoroj bonas kaj mi ricevas dentistan asekuron, do … jen.","Welcome to Tee K.O. I am the Tournament Master. Boy, if you told me a thousand years ago I\'d STILL be mastering this tournament? But, the hours are good and I need the dental plan, so here we are.",
141728,,"Bonvenon al Tee K.O.. Mi estas la turnira majstro. Mi dirus al vi mian veran nomon, sed viaj rompeblaj homaj mensoj ne komprenus ĝin. Krome mi timas interretan identeco-ŝtelon!","Welcome to Tee K.O. I am the Tournament Master. I\'d tell you my real name, but your fragile human minds couldn\'t comprehend it. Plus I\'m terrified of cyberspace identity theft!",
141729,,"Bonvenon al Tee K.O.. Mi estas la turnira majstro kaj mi estigis psikologian konekton kun ĉiu ĉemizo en la universo. Estas… multe pli ŝvita, ol mi imagis.",Welcome to Tee K.O. I am the Tournament Master and  I have forged a psychic bond with every t-shirt in the universe. It\'s...a lot sweatier than I predicted.,
141730,,Bonvenon al Tee K.O.. Mi estas la turnira majstro. Vi eble memoras min de 2005-jaraj klaĉgazetaj bildoj kun Shelley Long. Ni estis paro por unu monato.,Welcome to Tee K.O. I am the Tournament Master. You may remember me from mid-2005 paparazzi photos of Shelley Long. We dated briefly.,
141731,,"Bonvenon al Tee K.O.. Mi estas la turnira majstro. Ĉu mi povas interesi vin pri senpaga personeca testo? Ne? Bone, ni do simple komencu la ludon.","Welcome to Tee K.O. I am the Tournament Master. Can I interest you in a free personality test? No? All right, on with the game then.",
141732,,Bonvenon al Tee K.O.. Mi estas la turnira majstro kaj mi finfine decidis pri mia unua tatuo. Ĝi estos la japana signo por “travivinto” sur la ena flanko de mia femuro. Tiamaniere ĝi estas mia eta sekreto.,"Welcome to Tee K.O. I am the Tournament Master and I\'m finally pulling the trigger on my first tattoo. It\'s the Japanese characters for \""survivor\"" right on the inside of my thigh. That way it\'s my little secret.",
141733,,"Bonvenon al Tee K.O.. Mi estas la turnira majstro kaj mia horoskopo diras ke estas bonega tago por komenci novajn aventurojn kun aliuloj, do ni eku!","Welcome to Tee K.O. I am the Tournament Master and my horoscope says it\'s a great day to start new enterprises with others, so let\'s get started!",
141734,,"Bonvenon al Tee K.O.. Mi estas la turnira majstro kaj mi ŝateeeeeeeeegas gufujojn. Ni havu gufujon post la turniro, ĉu bone?","Welcome to Tee K.O. I am the Tournament Master and I just found out that I am not a Summer, but an Autumn. So that\'s a whole season of shirts off to Goodwill.",
141735,,"Bonvenon al Tee K.O.. Mi estas la turnira majstro kaj mi ankaŭ gastigas per la Pasporta Servo. Hodiaŭ mi jam havas aliajn planojn, sed se vi iam hazarde havas farendaĵojn sur tiu ĉi insulo, simple sendu retmesaĝon!","Welcome to Tee K.O. I am the Tournament Master and I\'m looking for my grasshopper. Oh, I\'m sorry, I thought you were the cabana boy. (off mic) Can somebody make me a grasshopper! (back) Okay, back to this.",
141736,,"Bonvenon al Tee K.O.. Mi estas la turnira majstro, kaj vi povas dungi min por via sekva festo aŭ komerca evento! Mi tamen ne plu haveblas por adoleskulaj naskiĝtagaj festoj, danku al Kendra pri tiu. ","Welcome to Tee K.O. I am the Tournament Master, and I\'m available for your next party or corporate event! But I do not do sweet 16\'s. You can thank Kendra for that.",
141737,,"Bonvenon al Tee K.O.. Mi estas la turnira majstro, kaj se iu scias kiel forlavi vinajn makulojn el 3000 jaraĝa ceremonia tablotuko, bonvolu persone kontakti min.","Welcome to Tee K.O. I am the Tournament Master, and if anyone knows how to get red wine stains out of a 3,000 year old ceremonial tablecloth, please DM me.",
141738,,"Bonvenon al Tee K.O.. Mi estas la turnira majstro. Eble mi ne disdonas tiom multajn saĝaĵojn kiel ALIAJ antikvaj majstroj, sed memoru la jenan: tiu, kiu parolas...malpli...pensas...malfrue. Fek, jen kial mi ne faras tion.","Welcome to Tee K.O. I am the Tournament Master, and I may not dispense a lot of wise old sayings like those OTHER ancient masters, but remember: he who talks...less...thinks...last. Darn it, this is why I don\'t do it.",
141739,,"Bonvenon al Tee K.O.. Mi estas la turnira majstro. Krom se vi venas de mia kreditkarta firmo. Tiam tiu homo translokiĝis, mi dirus.","Welcome to Tee K.O. I am the Tournament Master. Unless you\'re with the Old Navy credit card people, in which case that guy moved, I think.",
141740,,"Bonvenon al Tee K.O.. Mi estas la turnira majstro. Ne por tiuj turniroj de golfo, sed tiuj turniroj kie ĉemizoj batalas unu la alian. Golfo ridindas.","Welcome to Tee K.O. I am the Tournament Master. Not the golf one, the one where t-shirts fight each other. Golf is ridiculous.",
141741,,"Bonvenon al Tee K.O.. Mi estas la turnira majstro. Sufiĉe mistera, ĉu ne? Por lerni pri mia sekreta deveno, legu na Tee K.O. Komikso Volumo 144! Enĉemiziĝu, ĉemizemuloj!","Welcome to Tee K.O. I am the Tournament Master. Pretty mysterious huh? To learn my secret origin, check out Tee K.O. Comics issue 144! Shirt on, shirt fans!",
141742,,"Bonvenon al Tee K.O.. Mi estas la turnira majstro. Mi vekiĝis de mia kelkcentjara dormo por plenumi mian sanktan devon. Ne, mi nur ŝercis, mi la tutan tempon spektis televidseriojn.","Welcome to Tee K.O. I am the Tournament Master. I have awoken from my centuries long slumber to perform my sacred duty. No, I\'m messing with you, I was just watching Dr. Phil.",
141743,,Bonvenon al Tee K.O.. Mi estas la turnira majstro. Vi eble rekonas mian voĉon de la fundo de viaj plej enigmaj sonĝoj. Mi ankaŭ aperis en reklamo por glaciaĵo.,Welcome to Tee K.O. I am the Tournament Master. You may recognize my voice from the depths of your most enigmatic dreams. I also did an ice tea commercial.,
141744,,"Bonvenon al Tee K.O.. Mi estas la turnira majstro kaj mi havas arakidan alergion. Multaj homoj ŝatas doni al mi post-turnirajn donacojn, eble keksojn. Mi nur diras, bonvole nenion arakidan.","Welcome to Tee K.O. I am the Tournament Master and I\'m allergic to peanuts. A lot of people like to give me a post-tournament gift, maybe some cookies. I\'m just saying nothing with peanut butter please.",
141745,,"Bonvenon al Tee K.O.. Mi estas la turnira majstro. Mia laboro estas tiom pleniga, kiel ĝi sonas.",Welcome to Tee K.O. I am the Tournament Master. It\'s about as fulfilling as it sounds.,
141746,,"Bonvenon al Tee K.O.. Mi estas la turnira majstro. La turniro-gvidado mem estas amuza, sed estas MULTE da administrada laboro ĉirkaŭ ĝi. Mi vere bezonas staĝanton.","Welcome to Tee K.O. I am the Tournament Master. The actual tournament mastering part is fun, but there\'s a ton of admin work that goes along with it. I really need an intern.",
142026,,"Mi esperas ke vi ĉiuj ĝuis la boatan vojaĝon al Ĉemizio. Se la ondoj naŭzis vin, provu direkti vian vomon FOR de la kristalklara akvo de mia insula hejmo.","I hope you all enjoyed the boat trip to T-Shirt Island. If you\'re going to be seasick, do try to aim AWAY from the crystal blue waters of my island home.",
142027,,"Ni atingis la belegan insulon Ĉemizio, hejmo de la Tee K.O. Turniro. Kaj ankaŭ la hejmo de Bova T-Burgero. Kiam vi mendas ĝin, uzu ĝian plenan nomon.","We\'ve arrived at scenic T-Shirt Island, home of the Tee K.O. Tournament. And also home of the Beefy T Burger. Ask for it by name.",
142028,,"Vi rajtas libere esplori Ĉemizion dum viaj trejnadaj paŭzoj. Sed restu sur la padoj. Ĉiufoje kiam fajra spirito bruligas unu de vi, mia asekuro plimultkostiĝas.","Feel free to explore T-Shirt Island during your training breaks. But keep to the trails. Every time one of you gets immolated by a fire spirit, my insurance goes up.",
142029,,"Ĉiuj luksaĵoj de Ĉemizio estas ke via dispono. Krom la komerca centro. IU denove ŝtopis la printilon. Bone, jes, estis mi.","All the lŭuries of T-Shirt Island are at your disposal. Except the business center. SOMEBODY jammed the printer again. All right, it was me.",
142030,,"Festenigu viajn okulojn je belega insulo Ĉemizio. Mi nomis ĝin tiel ĉar ĝi iel havas formon de t-ĉemizo. Kaj pro la t-ĉemiz-tema batalega ludo, kiun ni okazigas ĉi tie. Do la nomo funkcias du-maniere!",Feast your eyes on beautiful T-Shirt Island. I call it that because it\'s kind of shaped like a t-shirt. And because of the t-shirt themed battle royale we hold here. So it works two ways!,
142031,,"Por kelkaj de vi, Ĉemizio estos la loko kie vi leviĝis al eterna grandeco. Por la resto de vi, almenaŭ ĝi estas pagata ferio. Via matenmanĝo kostas al mi multe, do plene utiligu ĝin!","For some of you, T-Shirt Island will be the site of your rise to eternal greatness. For the rest of you, at least it\'s a paid vacation. Make those continental breakfasts count.",
142032,,"Mi portis vin sur Ĉemizion por batali, sed ne forgesu ankaŭ iom butekumadi. La t-ĉemizoj, kiujn vi kreos, estos haveblaj en la donacbutiko, samkiel kelkaj ekzempleroj de mia aŭtobiografio.","I\'ve brought you to T-Shirt Island to fight, but don\'t forget to do a little shopping too. The shirts you create will be available in the gift shop, along with several copies of my autobiography.",
142033,,"Mi vokis vin ĉi tien al la insulo Ĉemizio, ĉar vi montras nekredeblan talanton por t-ĉemiza milit-arto. Krom unu de vi, kiun mi invitis pro eraro, sed ĉiu turniro bezonas malvenkanton, ĉu ne?","I\'ve summoned you all to T-Shirt Island because you show incredible talent for t-shirt warfare. Except for one of you who I invited by mistake, but every tournament needs a loser, right?",
142034,,"Ĉiujn cent jarojn mi unufoje kunvenigas la plej kapablajn t-ĉemizajn batalantojn de la terglobo por batali ĉi tie sur Ĉemizio. Kaj foje, mi simple enuas, kaj mi ludas jam pli frue, kun kiu ajn ĉeestas.",Once every hundred years I assemble the greatest t-shirt fighters from around the globe to do battle on T-Shirt Island. And sometimes I get bored and do it sooner with whoever\'s around.,
142035,,La plej kapablaj t-ĉemizaj batalantoj de historio trejnadas tutan vivon por rajti konkuri sur Ĉemizio. Tial mi vere pardonpetas ke mi ne purigis antaŭ via alveno. Vi simple piedbatu flanken la ostojn de niaj antaŭaj kandidatoj kaj ni komencu.,History\'s greatest t-shirt warriors train their entire lives to make it to T-Shirt Island. Which is why I\'m extra sorry I didn\'t clean up before you got here. Just kick aside the bones of our last contestants and we\'ll get started.,
142036,,Vi devos utiligi vian tutan lertecon pri t-ĉemiza dezajno por povi forlasi Ĉemizion vive. AŬ vi donas donu etan banknoton al la homo kun la boato kaj li verŝajne kunportos vin reen. Georg estas bona homo.,You\'ll have to use all your t-shirt design prowess to make it off T-Shirt Island alive. Or slip the boat guy 20 bucks and he\'ll usually take you back. Jerry\'s a good guy.,
142037,,Mi venigis vin ĉiujn ĉi tien al Ĉemizio ĉar mi vidas en vi grandan forton. Kaj ĉar mi aĉetis kelkajn meblojn interrete kaj oni bezonas almenaŭ du homojn por munti ilin.,I have brought you all here to T-Shirt Island because I sense in you a great power. And because I bought some furniture on the internet and it takes at least two people to put it together.,
142038,,"Mi logis vin ĉiujn ĉi tie por partoprenigi vin en ĉemiza batalo ĝis la morto. Ankaŭ, la fajraj spiritoj havas feston kaj ĉiuj aliaj venas kun karulo dooooo mi pensis ke eble unu de viiiiii—aĥ forgesu pri ĝi! Mi nur ŝercas! Ni simple komencu la turniron.",I have lured you all here to T-Shirt Island to take part in a t-shirt battle to the death. Also the fire spirits are having this party and everyone\'s bringing a date sooooo I thought one of yooooou--forget it! I\'m kidding! Let\'s just do the Tournament.,
142039,,"Mi kolektis vin ĉi tie sur Ĉemizio ĉar vi estas la plej bonaj t-ĉemizaj batalantoj sur la planedo. Nun, se ni rigardas al aliaj planedoj? Forgesu ĝin. Tiom da opcioj kiuj pli bonas ol vi. Sed mi prenos kiun mi povas ricevi.",I have gathered you here on T-Shirt Island because you are the best novelty t-shirt fighters on the planet. Now if we\'re talking other planets? Forget it. So many better options than you. But I\'ll take what I can get.,
142040,,"Por jarcentoj, la plej mojosaj novecaj ĉemizoj estis kreitaj ĉi tie sur Ĉemizio, de generacioj de duon-emaj konkurantoj. Ni vidu, eble la ĉemizoj kiujn vi kreos hodiaŭ povus iĝi la sekva "" PACO ᐧ AMO ᐧ ESPERO ""!","For centuries, the world\'s hottest novelty t-shirts have been created here on T-Shirt Island, by generations of semi-willing combatants. Who knows, the shirt you make today could be the next \""I\'M WITH STUPID\""!",
142041,,"Mi prenis vin ĉi tien al Ĉemizio por krei amuzajn ĉemizojn kaj maĉi maĉgumon. Kaj mia maĉgumo TUTE FINIĜIS. Sed mi ankoraŭ havas kafo-gustajn bombonojn, se vi tion ŝatas.",I have brought you to T-Shirt Island to make funny t-shirts and chew bubblegum. And I\'m ALL OUT OF GUM. But I do have ribbon candy if you\'re into that.,
142042,,"Mi petis vin veni sur belan insulon Ĉemizio pro unu ununura kialo: por partopreni en pereiga t-ĉemiza batalo, kaj eble ludi iom da tablopiedpilko, se restas tempo. Bone, estas du kialoj.","I\'ve beckoned you here to T-Shirt Island for one reason and one reason only: to engage in deadly t-shirt battle and maybe play some foosball if there\'s time. Okay, two reasons.",
142043,,Mi prenis vin ĉiujn ĉi tien al Ĉemizio ĉar vi estas la plej pereigaj t-ĉemizaj batalantoj kiujn mi konas. Kaj ĉar mi malamas esti sola je mia naskiĝtago.,I\'ve brought you all here to T-Shirt Island because you are the deadliest t-shirt warriors I know. And because I hate being alone on my birthday.,
142044,,"Mi prenis vin ĉiujn ĉi tien ĉar unu de vi...estas MURDISTO. Mi ŝercis, estis nur por fari t-ĉemizojn!","I\'ve brought you all here to T-Shirt Island because one of you...is a MURDERER. Just kidding, it\'s to make t-shirts!",
142045,,"Mi prenis vin ĉiujn ĉi tien por havi la plej sovaĝan FESTOn de nia vivo! Aĥ, ne tiu estis la sekva grupo. Vi estas ĉi tie pro tiu t-ĉemiza afero.","I\'ve brought you all here to T-Shirt Island to have the wildest Spring Break of our lives! Oh wait, that\'s the next group. You guys are here for the t-shirt thing.",
142046,,Mi prenis vin ĉi tien sur Ĉemizion por kunmiliti en la plej pereiga t-ĉemiza lukto. Ĉiu de vi havas la koron de vera militisto. Vi trovos ĝin en glaso sub via seĝo. Manĝu ĝin nun aŭ ŝparu ĝin por poste.,I\'ve brought you to T-Shirt Island to engage in deadly t-shirt combat. Each of you has the heart of a true warrior. You\'ll find it in a jar under your seat. Eat it now or save it for later.,
142047,,"Ekzakte kiel la profetaĵo prognozis, la plej grandaj t-ĉemizaj ĉampionoj kunvenis por batali sur Ĉemizio. La profetaĵo ankaŭ prognizis multe da aĵoj kiuj NE okazis, sed kion fari, ĉu ne?","Just as the prophecy foretold, Earth\'s greatest T-Shirt champions have gathered to do battle on T-Shirt Island. The prophecy also foretold a lot of stuff that DIDN\'T happen, but what are you gonna do, amirite?",
142048,,Mi prenis vin ĉiujn ĉi tien por batalo por ĉemiza hegemonio. Kaj por aŭskulti ege mallongan reklaman parolon pri tute noveca EO-renkontiĝo sur la luno.,"I have brought you all here to T-Shirt Island to battle for shirt supremacy. And to listen to a very brief timeshare pitch, but we\'ll get to that later.",
142049,,"Dankon, karuloj, por esti ĉi tie kun mi sur Ĉemizio. Mi esperas ke vi ŝatos viajn dormlokojn. Eta averto: antaŭaj kandidatoj plendis pri blata problemo, sed tiu almenaŭ solvos la matenmanĝo-problemon.",Thank you all for joining me on T-Shirt Island. I hope your accommodations will be to your liking. Although one of you is going to have to bunk with me. Fair warning: I am a kicker.,
142050,,"Mi ĝojas ke vi aliĝis por veni ĉi tien al insula ŝtateto Ĉemizio. Ni havas nur unu regulon: amuziĝu! Oh, kaj atentu ke vi entempas por la turniro. Kaj ne fumu. Kaj ĉiuj lavu siajn proprajn telerojn. Kaj estas kelkaj plu; Mi iras preni por vi ekzemplerojn de la regularo.","I\'m glad you could join me on T-Shirt Island. We only have one rule here: have fun! Oh, and make sure you\'re on time for the Tournament. And no pets. And everyone washes their own dishes. And there are a few more; I\'ll get you a copy of the rules.",
142051,,Mi prenis vin ĉi tien al Ĉemizio ĉar vi estas la plej bonaj de la plej bonaj. Kaj ĉar mi ĵus finis spekti la lastan sezonon de la Simpsons kaj mi bezonEGas pridiskuti ĝin kun iu.,I\'ve brought you all here to T-Shirt Island because you are the cream of the t-shirt fighting crop. And because I just finished the last season of The Bachelor and I have GOT to talk about it with someone.,
142052,,"Mi prenis vin ĉi-tien al Ĉemizio por alfronti la plej grandan defion de via vivo: helpi min elekti novan profilbildon por lernu.net. Sed unue, ni okazigu tiun-ĉi turniron.","I\'ve brought you here to T-Shirt Island to face the greatest challenge of your lives: helping me choose a picture for my online dating profile. But first, let\'s do this tournament.",
142053,,"Mi kunportis vin ĉiujn ĉi tien al Ĉemizio, ĉar vi estas la lasta espero por la travivo de nia planedo. Haha, ĉu vi povas imagi tiun? Ne, ni simple kreos kelkajn amuzajn t-ĉemizojn.","I have brought you all here to T-Shirt Island, because you are the Earth\'s last hope for survival. Haha, can you imagine? No, we\'re just gonna make some funny t-shirts.",
142061,,"Desegnu kion ajn via koro deziras. Mi seriozas, ion ajn. Tute ne gravas, kion. Sed se vi bezonas inspiron, klaku la sugesto-butonon.","Draw whatever your heart desires. Like literally anything. It doesn\'t matter. But if you need an idea, hit the suggestion button.",
142062,,"“Sed kion mi desegnu?” mi aŭdas vin demandi. “Ion ajn, pli malpli” mi respondas. Kaj se vi ne trovas ideon, klaku la sugesto-butonon.","\""But what should I draw?\"" I hear you ask. \""Pretty much whatever,\"" I reply. And if you can\'t think of something, hit the suggestion button.",
142063,,"Desegnu ion dolĉan, ion naŭzan, ion amuzan. Honeste, mi prifajfas, kion vi desegnas, sed se vi bezonas helpon, klaku la sugesto-butonon.","Draw something cute, something gross, something funny. Honestly, I don\'t care what you draw, but if you need help, hit the suggestion button.",
142064,,"Kion vi desegnas estas tute sensignifa. Nu, eble ĝi havas IOM da signifo, sed ne stresiĝu pri ĝi. Kaj uzu la sugesto-butonon se mankas al vi ideoj.","What you draw is of no consequence. I mean it\'s of some consequence, but like don\'t stress out. Use the suggestion button if you\'re out of ideas.",
142065,,"Vi povas desegni ion ajn kiu plaĉas al vi. Se vi bezonas ideon, uzu la sugesto-butonon. Mi promesas, ke mi ne juĝas vin. Ĝis nun.","You may draw anything that pleases you. If you need an idea, use the suggestion button. I promise I\'m not judging you. Yet.",
142066,,"Libere desegnu ion ajn el via fantazio. Kaj se via fantazio estas dezerto, klaku la sugesto-butonon.","Feel free to draw anything that strikes your fancy. And if your fancy isn\'t feeling so fancy, hit the suggestion button.",
142067,,"Vi rajtas desegni kion ajn vi deziras. Kaj se vi deziras scii, kion desegni, klaku la sugesto-butonon.","You may draw whatever you wish. And if your wish is to know what to draw, hit the suggestion button.",
142068,,"Desegnu ion ajn kiu aperas en tiu via eta kapo. Se nenio aperas, klaku la sugesto-butonon.","Draw anything that pops into that little head of yours. If nothing pops, just hit the suggestion button.",
142069,,"Vi povas elekti ajnan temon. Desegnu iun ajn, prifajfu memregon. Sed se mankas ideoj, uzu la sugesto-butonon.","You may draw whatever you choose. Go nuts with it. But if you\'re stumped, feel free to use the suggestion button.",
142558,,Vi uzos viajn aparatojn por desegni du desegnaĵojn.,You will use your device to draw two drawings.,
142559,,Daŭrigu skribi! Skribu je venta rapideco!,Keep writing! Write like the wind!,
142560,,Desegnaĵo du: Komencu!,Drawing two: Begin!,
142561,,Vi uzos vian aparaton por desegni tri desegnaĵojn.,You will use your device to draw three drawings.,
142562,,"Kion vi desegnas gravas ne. Lasu vian koron esti via gvidanto. Kaj se via koro tute ne havas ideon, simple klaku la sugesto-butonon.","What you draw matters not. Let your heart be your guide. And if your heart can\'t think of anything, just hit the suggestion button.",
142563,,Lasta oportuno esti sprita.,Last chance to be clever.,
142564,,"Uzu viajn aparatojn por enigi unu desegnaĵon kaj tiom da sloganoj, kiom vi deziras.",Use your devices to enter one new drawing and as many new slogans as you wish.,
142565,,Komencu viajn unuajn desegnaĵojn!,Begin your first drawing...NOW!,
142566,,"Interese. Mi komprenas kiun vi celis fari ĉi tie. Sed ĉi-foje, mi volas vidi pli da koloro.","Interesting. I get what you were going for with these. But this time, I want to see more colors.",
142567,,Bone! Bone! Ankoraŭ unu desegnaĵo. Utiligu la negativan spacon!,"Good, good! One more drawing. Use that negative space!",
142779,la angla originalo havas sonefikon,3... 2... 1…,3... 2... 1… (aŭskultu originon - havas sonefikon),
142780,,Oh oh. Ĉu mi perdis vin? *suspirante* Plia turniro finas egalpoente.,Uh oh. Did I lose you? *sigh* Another tournament ends in a draw.,
142785,,"Kiam ambaŭ konkurantoj ricevas sammultajn voĉojn, la defendanta ĉampiono venkas. Malbonŝance por vi, freŝa karno.","The defending champion wins ties. Bad luck for you, new meat.",
142787,,Ne malbone. Sed ni havu iom pli da diverseco ĉi-foje. Ĉu vi scias ke vi povas ŝanĝi la dikecon de viaj linioj per tiu eta butono?,Not bad. But let\'s see a little variety this time. You can change your line thickness with that little button ya know.,
142791,,"Via vojaĝo al la venko komencas ĉi tie, en la trejnada tereno.","Your journey to victory begins here, at the training grounds.",
143057,,"Via serpentuma pado al la venko ekas ĉi tie, en la trejnada tereno.","Your winding path to victory starts here, at the training grounds.",
143058,,"Ĉiu granda rakonto komencas ie. La via komencas ĉi tie, sur la trejnada tereno.","Every epic tale starts somewhere. Yours begins here, at the training grounds.",
143059,,Bonvenon al la trejnada tereno.,Welcome to the training grounds.,
143060,,"La strato al grandeco komencas ĉi tie, sur la trejnada tereno.","The road to greatness begins here, at the training grounds.",
143815,,Kreu vian novan ĉemizan batalanton.,Create your new shirt warrior.,
143815,,La spiritoj de humura kunmetado gvidu vin.,May the spirits of humorous jŭtaposition guide you.,
143826,,Lasta desegnaĵo! Vivu vian frenezecon!,Last drawing! Get weird with it!,
143827,,Fierigu min.,Make me proud.,
143828,,Ne plorigu min.,Don\'t let me down.,
143829,,Provu ne fuŝi.,Try not to screw this up.,
143830,,Kreu ion belan.,Make them count.,
143831,,Pensu ekster viaj kutimoj!,Think outside the box!,
143832,,"Senĉenigu la nekredeblajn materialaĵojn, sur kiuj vi tiom longe sidis.",Break out that killer material you\'ve been sitting on.,
143833,,Mi volas ke vi sciu: Mi kredas je vi.,I want you to know: I believe in you.,
143834,,Vere metu vian koron en ĝin.,Really put your back into it.,
143835,,Menso kiel akvo...kaj...,Mind like water...and...,
143836,,Tempas por via unua desegnaĵo.. Ekzakte nun!,It\'s time for your first drawing.. right now!,
143837,,"Skuu viajn desegnofingrojn, tempas desegni","Get your drawing fingers wiggling, it\'s time to draw",
143838,,Komencu vian unuan desegnaĵon...NUN!,Begin your first drawing...NOW!,
143839,,Komencu vian unuan desegnaĵon...NUN!,Begin your first drawing...NOW!,
143840,,"Tiuj de vi kiuj spektas la turniron, vi ne devas atendi pliajn 100 jarojn por kunamuziĝi. Aliĝu al la spektantaro por ensendi sugestojn kaj influi la ludon!",Those of you watching the Tournament don\'t have to wait another 100 years to get in on the fun. Join the audience to submit suggestions and affect the game!,
143841,,"Se vi ne sukcesis aliĝi al la turniro, ne malĝoju. Simple aniĝu en la spektantaro por ensendi viajn sugestojn kaj voĉdoni por viaj plej ŝatataj ĉemizoj.","If you didn\'t qualify for the Tournament, don\'t fret. Simply join the audience to submit your suggestions and vote on your favorite shirts.",
143842,,"Vi sekvas la turniron, sed deziras kunludi? Aliĝu al la spektantaro kaj influu la ludon!","Watching the Tournament, but wish you were playing along? Join the audience and affect the outcome of the game!",
143843,,"Dum la elektatoj preparas, turnirspektantoj povas kunamuziĝi per aliĝi al la spektantaro. Ensendu sugestojn kaj voĉdonu por la plej bonaj ĉemizoj!","While the chosen few prepare for battle, Tournament spectators can get in on the fun by joining the audience. Submit suggestions and vote for the best shirts!",
143909,,Hastu antaŭ ol la tempo finiĝas!,Make haste before time runs out!,
143910,,La temponombrilo ne estas dekoracio. Pretiĝu rapide!,That timer is not for decoration. Finish quickly!,
143911,,Restas nur sekundoj!,Only seconds remain!,
143912,,Tempo baldaŭ finas. Vi eble volas pretiĝi baldaŭ.,Time is about to expire. You may want to finish up.,
143929,,Defio plenumigita!,Challenge complete!,
143930,,Kaj nun desegnaĵo numero du!,On to drawing number two!,
143931,,Komencu desegnaĵon du!,Begin drawing two!,
143932,,Komencu viajn duajn desegnaĵojn!,Begin your second drawings!,
143933,,Desegnaĵo du...komencu!,Drawing two...begin!,
143934,,"Unu desegnaĵon! Sentu vi vin liberaj, estu vi strangaj!",One drawing to go! Let your freak flag fly!,
143935,,Elstare! Nun vere verŝu vian tutan frenezecon en tiun ĉi!,Excellent! Now really get nuts with this last one!,
143936,,"Belege! Ankoraŭ unu! Impresu min, karuloj!","Gorgeous! One more to go! Wow me, babies!",
143937,,Elstare. Ĉi-foje montru al mi ion alian. Memoru uzi la sugesto-butonon se vi bezonas ideon.,Excellent. This time show me something different. Remember to use the suggestion button if you need an idea.,
143938,,"Sufiĉe enorda. Iom tradicia. Ĉifoje, provu ŝanĝi la ĉemizan koloron per la langetoj ĉe la ekranfono.",Decent enough. But a bit traditional. This time try changing your shirt color with the little tabs at the bottom.,
143939,,"Mi mem ne povus fari ĝin pli bone. Nu, fakte mi povus. Ĉi-foje provu pensi iom pli kiel mi.","I couldn\'t have done better myself. Well, actually I could. This time try to think more like me.",
144221,,Mi amas spekti verajn majstrojn dum laboro.,I love to watch true masters at work.,
144222,,Saluton? Ĉampionoj? Ĉu iu ĉeestas? – Ili verŝajne mortis.,Hello? Champions? Anyone? They probably died.,
144223,,"Ah, saluton? Mi ne organizis tiun tutan turniron nur por sidi ĉi tie sole kiel stultulo! Bone. Vi ĉiuj malvenkas.","Uh, hello? I didn\'t organize this whole Tournament just to sit here by myself like a jerk! Fine. You all lose.",
144224,,"Do...vi ĉiuj rezignas? Kio? Saluton? Bone, mi deklaras min mem venkanto. Gratulon al mi mem! *malfeliĉe* Jej.","So...you all forfeit then? Or what? Hello? Fine, I declare myself the winner. Yay for me!",
144225,,"Ĉu?! Ĉu vi ĉiuj organizis strikon por protesti t-ĉemizan perforton? Se vi ne volas konkuri, simple diru!","What, did you all organize a walk-out in protest of t-shirt violence? If you don\'t want to compete, just say so!",
144288,,"Vi ne rezignis post nur unu, ĉu? Daŭrigu skribi!",You didn\'t give up after one did you? Keep writing!,
144289,,Mi bezonas po eble tri aŭ kvar de ĉiuj vi? Ĉu farebla? Simple provu.,I\'m looking for like three or four from each of you? Seem doable? Give it a shot.,
144290,,"Bone, mi scias ke vi kapablas multe pli. Skribu alian!",Well I know that\'s not your best material. Write another!,
144291,,"Daŭrigu, daŭrigu, daŭrigu!",Keep those slogans coming!,
144310,,La speco de aferoj kiujn oni vidas sur - mi ne scias - t-ĉemizo.,"The kind of things you might see on, oh I don’t know, a t-shirt.",
144314,,"Tiuj tute ne havas konekton kun viaj desegnaĵoj, do pensu pri io alia.","These have nothing to do with your drawings, so just put those out of your mind.",
144315,,"Io mallonga kaj sprita, kiel oni vidus ĝin sur t-ĉemizo.",Something short and snappy like you might see on a t-shirt.,
144316,,Io vere inteligenta aŭ vere stultega. Mi certas ke ajna afero kiu venas el via menso estos aŭ aŭ.,Something really clever or really dumb. I\'m sure anything you write will be one of those.,
144317,,Kapricemo ege bonvenatas.,Whimsy is highly encouraged.,
144335,,Kaj ne lasu la malhumilon konsumi vin. Uzu sugeston se vi bezonas ĝin.,And Don\'t let hubris consume you. Use a suggestion if you need one.,
144336,,Kaj ne forgesu ke vi povas uzi la sugesto-butonon se vi sentas vin senidea.,And Don\'t forget that suggestion button if you\'re stumped.,
144337,,Kaj ne estas kialo por honti se vi bezonas la sugesto-butonon.,And There\'s no shame in hitting the suggestion button if you need it.,
144338,,Kaj uzu sugeston se vi bezonas ĝin. Akcepti viajn limigojn estas parto de vivo.,And Use a suggestion if you need one. Accepting your limitations is a part of life.,
144870,,Kaj nun la skriba parto. Mi estas ekscitita!,Now the writing part. I\'m so excited!,
144871,,Kaj nun ni skribas.,And now we write.,
144872,,Nun la amuzaj sloganoj.,Now make with the funny slogans.,
144873,,Kaj nun freŝa aro da sloganoj.,And now a fresh batch of slogans.,
144874,,Sekvante ni bezonos kelkajn furorajn novajn sloganojn. Tiu estos via tasko.,Next we\'ll need some hot new slogans. That\'s your job.,
144875,,Kaj nun la sloganoj. Ĉu pretaj?,Next the slogans. Ready?,
144876,,Ni ankaŭ bezonos kelkajn sloganojn se vi ankoraŭ havas energion.,We\'ll also need some slogans if you think you can manage it.,
144877,,Nun surprizu min per kelkaj furoraj sloganoj.,Now hit me with some hip new slogans.,
144878,,Kaj nun estas tempo por la sloganoj.,And now it\'s time for the slogans.,
145035,,"Vi bone luktis. Ni eltrovu, ĉu indis la penon...",Nice hustle. Let\'s find out if it was worth it...,
145036,,"Ho jes, tiu estos bonega.","Oh yeah, this is gonna be good.",
145037,,Vi vere fosis surfunde ĉi-foje. ,You really dug deep that time. ,
145038,,Okej bone...,Alright then...,
145105,,Batalu! …batalu per endoni viajn voĉojn sur viaj aparatoj...,Fight! ...Fight by submitting your votes on your devices...,x
145707,,Kreu viajn t-ĉemizojn per viaj aparatoj. Amuziĝu!,Make your t-shirt on your device. Have fun with it!,
145708,,"Bone, kreu viajn ĉemizojn. Io eleganta, sed freŝa.","Okay, make your shirts. Something classy but sassy!",
145709,,"Mi esperas, ke vi ricevis ion, per kio vi povas labori. Kreu vian ĉemizon!",Hope you got something you can work with. Create your shirt!,
145710,,Nun venas la bela parto: Kreu vian ĉemizan majstraĵon!,Now for the payoff: Make your shirt masterpiece!,
145711,,Nun kreu ĉemizon kiu vere turnigos la kapojn.,Now make me a shirt that\'ll really turn some heads.,
145712,,Tempo por spiri vivon en viajn kreaĵojn!,Time to breathe life into your t-shirt creation. LIVE!,
145713,,"Ho jes, nun mia plej ŝatata parto. Kreu viajn t-ĉemizojn!","Oh boy, this is my favorite part. Make your shirts now!",
145714,,Nun ŝpinu tiujn sloganojn kaj desegnaĵojn al t-ĉemiza oro!,Now spin those slogans and drawings into t-shirt gold!,
145715,,"Bone bone, kreu viajn t-ĉemizojn nun!","All right, make your shirts now!",
145716,,Tempo finiĝanta!,The time is nigh!,
145717,,Sufiĉe da trejnado. Direktu vian atenton al via aparato.,Enough training. Direct your attention to your device.,
145718,,Trejnado pretas. Nun rigardu vian aparaton.,Training complete. Now take a look at your device.,
